Numero pedido;nit_proveedor;nombre_proveedor;Categoria;Producto
PED-4928;NIT0000000018;E.ON;Energ韆;
PED-5712;NIT0000000032;Enel;Energ韆;
PED-6000;NIT0000000040;RWE;Energ韆;
PED-7028;NIT0000000018;E.ON;Energ韆;
PED-7812;NIT0000000032;Enel;Energ韆;
PED-9128;NIT0000000018;E.ON;Energ韆;
PED-9912;NIT0000000032;Enel;Energ韆;
PED-11708;NIT0000000008;IBM;Tecnologia;
PED-14672;NIT0000000032;Enel;Energ韆;
PED-18848;NIT0000000008;IBM;Tecnologia;
PED-25988;NIT0000000008;IBM;Tecnologia;
PED-27280;NIT0000000040;RWE;Energ韆;
PED-33128;NIT0000000008;IBM;Tecnologia;
PED-33922;NIT0000000032;Enel;Energ韆;
PED-39452;NIT0000000032;Enel;Energ韆;
PED-41948;NIT0000000008;IBM;Tecnologia;
PED-49088;NIT0000000008;IBM;Tecnologia;
PED-56228;NIT0000000008;IBM;Tecnologia;
PED-60872;NIT0000000032;Enel;Energ韆;
PED-63368;NIT0000000008;IBM;Tecnologia;
PED-68012;NIT0000000032;Enel;Energ韆;
PED-70508;NIT0000000008;IBM;Tecnologia;
PED-88488;NIT0000000068;EY;Servicios;
PED-4011;NIT0000000011;Apple;Tecnologia;
PED-4012;NIT0000000012;Intel;Tecnologia;
PED-4013;NIT0000000013;General Mills;Alimentaci髇;
PED-4014;NIT0000000014;Unilever;Alimentaci髇;
PED-4015;NIT0000000015;Dunkin Donuts;Consultor韆;
PED-4016;NIT0000000016;Transformaci贸n Digital;Consultor韆;
PED-4017;NIT0000000017;Aramark;Servicios P鷅licos;
PED-4018;NIT0000000018;E.ON;Energ韆;
PED-4019;NIT0000000019;Innovaci贸n y Desarrollo;Consultor韆;
PED-4020;NIT0000000020;Iberdrola;Energ韆;
PED-4021;NIT0000000021;Engie;Energ韆;
PED-4022;NIT0000000022;Estrategias Empresariales;Consultor韆;
PED-4023;NIT0000000023;TCS;Servicios;
PED-4024;NIT0000000024;PepsiCo;Alimentaci髇;
PED-4025;NIT0000000025;PwC;Servicios;
PED-4026;NIT0000000026;Gesti贸n de Proyectos;Consultor韆;
PED-4027;NIT0000000027;Duke Energy;Energ韆;
PED-4028;NIT0000000028;McKinsey;Servicios;
PED-4029;NIT0000000029;Danone;Alimentaci髇;
PED-4030;NIT0000000030;Facebook;Tecnologia;
PED-4031;NIT0000000031;Microsoft;Tecnologia;
PED-4032;NIT0000000032;Enel;Energ韆;
PED-4033;NIT0000000033;Coca-Cola;Alimentaci髇;
PED-4034;NIT0000000034;Optimizaci贸n de Procesos;Consultor韆;
PED-4035;NIT0000000035;Kellogg;Alimentaci髇;
PED-4036;NIT0000000036;Southern Company;Energ韆;
PED-4037;NIT0000000037;Kraft Heinz;Alimentaci髇;
PED-4038;NIT0000000038;G4S;Servicios P鷅licos;
PED-4039;NIT0000000039;Consultorias Contables;Consultor韆;
PED-4040;NIT0000000040;RWE;Energ韆;
PED-4041;NIT0000000041;Juan Valdez;Consultor韆;
PED-4042;NIT0000000042;Compass Group;Servicios P鷅licos;
PED-4043;NIT0000000043;Serco;Servicios P鷅licos;
PED-4044;NIT0000000044;Soluciones IT;Consultor韆;
PED-4045;NIT0000000045;NextEra Energy;Energ韆;
PED-4046;NIT0000000046;Exelon;Energ韆;
PED-4047;NIT0000000047;EDF;Energ韆;
PED-4048;NIT0000000048;Oracle;Tecnologia;
PED-4049;NIT0000000049;Starbucks;Consultor韆;
PED-4050;NIT0000000050;Accenture;Servicios;
PED-4051;NIT0000000051;Mondelez;Alimentaci髇;
PED-4052;NIT0000000052;KPMG;Servicios;
PED-4053;NIT0000000053;Cisco;Tecnologia;
PED-4054;NIT0000000054;Nestle;Alimentaci髇;
PED-4055;NIT0000000055;Servicios Jur铆dicos;Consultor韆;
PED-4056;NIT0000000056;Burger King;Consultor韆;
PED-4057;NIT0000000057;KFC;Consultor韆;
PED-4058;NIT0000000058;Capgemini;Servicios;
PED-4059;NIT0000000059;Amazon;Tecnologia;
PED-4060;NIT0000000060;Tostao;Consultor韆;
PED-4061;NIT0000000061;McDonald's;Consultor韆;
PED-4062;NIT0000000062;Bain;Servicios;
PED-4063;NIT0000000063;Procter & Gamble;Alimentaci髇;
PED-4064;NIT0000000064;Securitas;Servicios P鷅licos;
PED-4065;NIT0000000065;Crepes & Waffles;Consultor韆;
PED-4066;NIT0000000066;SAP;Tecnologia;
PED-4067;NIT0000000067;Mitie;Servicios P鷅licos;
PED-4068;NIT0000000068;EY;Servicios;
PED-4069;NIT0000000069;BCG;Servicios;
PED-4070;NIT0000000070;Google;Tecnologia;
PED-4071;NIT0000000001;ABM;Servicios P鷅licos;
PED-4072;NIT0000000002;Subway;Consultor韆;
PED-4073;NIT0000000003;Sodexo;Servicios P鷅licos;
PED-4074;NIT0000000004;Asesorias Financieras;Consultor韆;
PED-4075;NIT0000000005;ISS;Servicios P鷅licos;
PED-4076;NIT0000000006;Rentokil;Servicios P鷅licos;
PED-4077;NIT0000000007;Consultores de Negocios;Consultor韆;
PED-4078;NIT0000000008;IBM;Tecnologia;
PED-4079;NIT0000000009;Oma;Consultor韆;
PED-4080;NIT0000000010;Deloitte;Servicios;
PED-4081;NIT0000000011;Apple;Tecnologia;
PED-4082;NIT0000000012;Intel;Tecnologia;
PED-4083;NIT0000000013;General Mills;Alimentaci髇;
PED-4084;NIT0000000014;Unilever;Alimentaci髇;
PED-4085;NIT0000000015;Dunkin Donuts;Consultor韆;
PED-4086;NIT0000000016;Transformaci贸n Digital;Consultor韆;
PED-4087;NIT0000000017;Aramark;Servicios P鷅licos;
PED-4088;NIT0000000018;E.ON;Energ韆;
PED-4089;NIT0000000019;Innovaci贸n y Desarrollo;Consultor韆;
PED-4090;NIT0000000020;Iberdrola;Energ韆;
PED-4091;NIT0000000021;Engie;Energ韆;
PED-4092;NIT0000000022;Estrategias Empresariales;Consultor韆;
PED-4093;NIT0000000023;TCS;Servicios;
PED-4094;NIT0000000024;PepsiCo;Alimentaci髇;
PED-4095;NIT0000000025;PwC;Servicios;
PED-4096;NIT0000000026;Gesti贸n de Proyectos;Consultor韆;
PED-4097;NIT0000000027;Duke Energy;Energ韆;
PED-4098;NIT0000000028;McKinsey;Servicios;
PED-4099;NIT0000000029;Danone;Alimentaci髇;
PED-4100;NIT0000000030;Facebook;Tecnologia;
PED-4101;NIT0000000031;Microsoft;Tecnologia;
PED-4102;NIT0000000032;Enel;Energ韆;
PED-4103;NIT0000000033;Coca-Cola;Alimentaci髇;
PED-4104;NIT0000000034;Optimizaci贸n de Procesos;Consultor韆;
PED-4105;NIT0000000035;Kellogg;Alimentaci髇;
PED-4106;NIT0000000036;Southern Company;Energ韆;
PED-4107;NIT0000000037;Kraft Heinz;Alimentaci髇;
PED-4108;NIT0000000038;G4S;Servicios P鷅licos;
PED-4109;NIT0000000039;Consultorias Contables;Consultor韆;
PED-4110;NIT0000000040;RWE;Energ韆;
PED-4111;NIT0000000041;Juan Valdez;Consultor韆;
PED-4112;NIT0000000042;Compass Group;Servicios P鷅licos;
PED-4113;NIT0000000043;Serco;Servicios P鷅licos;
PED-4114;NIT0000000044;Soluciones IT;Consultor韆;
PED-4115;NIT0000000045;NextEra Energy;Energ韆;
PED-4116;NIT0000000046;Exelon;Energ韆;
PED-4117;NIT0000000047;EDF;Energ韆;
PED-4118;NIT0000000048;Oracle;Tecnologia;
PED-4119;NIT0000000049;Starbucks;Consultor韆;
PED-4120;NIT0000000050;Accenture;Servicios;
PED-4121;NIT0000000051;Mondelez;Alimentaci髇;
PED-4122;NIT0000000052;KPMG;Servicios;
PED-4123;NIT0000000053;Cisco;Tecnologia;
PED-4124;NIT0000000054;Nestle;Alimentaci髇;
PED-4125;NIT0000000055;Servicios Jur铆dicos;Consultor韆;
PED-4126;NIT0000000056;Burger King;Consultor韆;
PED-4127;NIT0000000057;KFC;Consultor韆;
PED-4128;NIT0000000058;Capgemini;Servicios;
PED-4129;NIT0000000059;Amazon;Tecnologia;
PED-4130;NIT0000000060;Tostao;Consultor韆;
PED-4131;NIT0000000061;McDonald's;Consultor韆;
PED-4132;NIT0000000062;Bain;Servicios;
PED-4133;NIT0000000063;Procter & Gamble;Alimentaci髇;
PED-4134;NIT0000000064;Securitas;Servicios P鷅licos;
PED-4135;NIT0000000065;Crepes & Waffles;Consultor韆;
PED-4136;NIT0000000066;SAP;Tecnologia;
PED-4137;NIT0000000067;Mitie;Servicios P鷅licos;
PED-4138;NIT0000000068;EY;Servicios;
PED-4139;NIT0000000069;BCG;Servicios;
PED-4140;NIT0000000070;Google;Tecnologia;
PED-4141;NIT0000000001;ABM;Servicios P鷅licos;
PED-4142;NIT0000000002;Subway;Consultor韆;
PED-4143;NIT0000000003;Sodexo;Servicios P鷅licos;
PED-4144;NIT0000000004;Asesorias Financieras;Consultor韆;
PED-4145;NIT0000000005;ISS;Servicios P鷅licos;
PED-4146;NIT0000000006;Rentokil;Servicios P鷅licos;
PED-4147;NIT0000000007;Consultores de Negocios;Consultor韆;
PED-4148;NIT0000000008;IBM;Tecnologia;
PED-4149;NIT0000000009;Oma;Consultor韆;
PED-4150;NIT0000000010;Deloitte;Servicios;
PED-4151;NIT0000000011;Apple;Tecnologia;
PED-4152;NIT0000000012;Intel;Tecnologia;
PED-4153;NIT0000000013;General Mills;Alimentaci髇;
PED-4154;NIT0000000014;Unilever;Alimentaci髇;
PED-4155;NIT0000000015;Dunkin Donuts;Consultor韆;
PED-4156;NIT0000000016;Transformaci贸n Digital;Consultor韆;
PED-4157;NIT0000000017;Aramark;Servicios P鷅licos;
PED-4158;NIT0000000018;E.ON;Energ韆;
PED-4159;NIT0000000019;Innovaci贸n y Desarrollo;Consultor韆;
PED-4160;NIT0000000020;Iberdrola;Energ韆;
PED-4161;NIT0000000021;Engie;Energ韆;
PED-4162;NIT0000000022;Estrategias Empresariales;Consultor韆;
PED-4163;NIT0000000023;TCS;Servicios;
PED-4164;NIT0000000024;PepsiCo;Alimentaci髇;
PED-4165;NIT0000000025;PwC;Servicios;
PED-4166;NIT0000000026;Gesti贸n de Proyectos;Consultor韆;
PED-4167;NIT0000000027;Duke Energy;Energ韆;
PED-4168;NIT0000000028;McKinsey;Servicios;
PED-4169;NIT0000000029;Danone;Alimentaci髇;
PED-4170;NIT0000000030;Facebook;Tecnologia;
PED-4171;NIT0000000031;Microsoft;Tecnologia;
PED-4172;NIT0000000032;Enel;Energ韆;
PED-4173;NIT0000000033;Coca-Cola;Alimentaci髇;
PED-4174;NIT0000000034;Optimizaci贸n de Procesos;Consultor韆;
PED-4175;NIT0000000035;Kellogg;Alimentaci髇;
PED-4176;NIT0000000036;Southern Company;Energ韆;
PED-4177;NIT0000000037;Kraft Heinz;Alimentaci髇;
PED-4178;NIT0000000038;G4S;Servicios P鷅licos;
PED-4179;NIT0000000039;Consultorias Contables;Consultor韆;
PED-4180;NIT0000000040;RWE;Energ韆;
PED-4181;NIT0000000041;Juan Valdez;Consultor韆;
PED-4182;NIT0000000042;Compass Group;Servicios P鷅licos;
PED-4183;NIT0000000043;Serco;Servicios P鷅licos;
PED-4184;NIT0000000044;Soluciones IT;Consultor韆;
PED-4185;NIT0000000045;NextEra Energy;Energ韆;
PED-4186;NIT0000000046;Exelon;Energ韆;
PED-4187;NIT0000000047;EDF;Energ韆;
PED-4189;NIT0000000049;Starbucks;Consultor韆;
PED-4190;NIT0000000050;Accenture;Servicios;
PED-4191;NIT0000000051;Mondelez;Alimentaci髇;
PED-4192;NIT0000000052;KPMG;Servicios;
PED-4193;NIT0000000053;Cisco;Tecnologia;
PED-4194;NIT0000000054;Nestle;Alimentaci髇;
PED-4195;NIT0000000055;Servicios Jur铆dicos;Consultor韆;
PED-4196;NIT0000000056;Burger King;Consultor韆;
PED-4197;NIT0000000057;KFC;Consultor韆;
PED-4198;NIT0000000058;Capgemini;Servicios;
PED-4199;NIT0000000059;Amazon;Tecnologia;
PED-4200;NIT0000000060;Tostao;Consultor韆;
PED-4201;NIT0000000061;McDonald's;Consultor韆;
PED-4202;NIT0000000062;Bain;Servicios;
PED-4203;NIT0000000063;Procter & Gamble;Alimentaci髇;
PED-4204;NIT0000000064;Securitas;Servicios P鷅licos;
PED-4205;NIT0000000065;Crepes & Waffles;Consultor韆;
PED-4206;NIT0000000066;SAP;Tecnologia;
PED-4207;NIT0000000067;Mitie;Servicios P鷅licos;
PED-4208;NIT0000000068;EY;Servicios;
PED-4209;NIT0000000069;BCG;Servicios;
PED-4210;NIT0000000070;Google;Tecnologia;
PED-4211;NIT0000000001;ABM;Servicios P鷅licos;
PED-4212;NIT0000000002;Subway;Consultor韆;
PED-4213;NIT0000000003;Sodexo;Servicios P鷅licos;
PED-4214;NIT0000000004;Asesorias Financieras;Consultor韆;
PED-4215;NIT0000000005;ISS;Servicios P鷅licos;
PED-4216;NIT0000000006;Rentokil;Servicios P鷅licos;
PED-4217;NIT0000000007;Consultores de Negocios;Consultor韆;
PED-4218;NIT0000000008;IBM;Tecnologia;
PED-4219;NIT0000000009;Oma;Consultor韆;
PED-4220;NIT0000000010;Deloitte;Servicios;
PED-4221;NIT0000000011;Apple;Tecnologia;
PED-4222;NIT0000000012;Intel;Tecnologia;
PED-4223;NIT0000000013;General Mills;Alimentaci髇;
PED-4224;NIT0000000014;Unilever;Alimentaci髇;
PED-4225;NIT0000000015;Dunkin Donuts;Consultor韆;
PED-4226;NIT0000000016;Transformaci贸n Digital;Consultor韆;
PED-4227;NIT0000000017;Aramark;Servicios P鷅licos;
PED-4228;NIT0000000018;E.ON;Energ韆;
PED-4229;NIT0000000019;Innovaci贸n y Desarrollo;Consultor韆;
PED-4230;NIT0000000020;Iberdrola;Energ韆;
PED-4231;NIT0000000021;Engie;Energ韆;
PED-4232;NIT0000000022;Estrategias Empresariales;Consultor韆;
PED-4233;NIT0000000023;TCS;Servicios;
PED-4234;NIT0000000024;PepsiCo;Alimentaci髇;
PED-4235;NIT0000000025;PwC;Servicios;
PED-4236;NIT0000000026;Gesti贸n de Proyectos;Consultor韆;
PED-4237;NIT0000000027;Duke Energy;Energ韆;
PED-4238;NIT0000000028;McKinsey;Servicios;
PED-4239;NIT0000000029;Danone;Alimentaci髇;
PED-4240;NIT0000000030;Facebook;Tecnologia;
PED-4241;NIT0000000031;Microsoft;Tecnologia;
PED-4242;NIT0000000032;Enel;Energ韆;
PED-4243;NIT0000000033;Coca-Cola;Alimentaci髇;
PED-4244;NIT0000000034;Optimizaci贸n de Procesos;Consultor韆;
PED-4245;NIT0000000035;Kellogg;Alimentaci髇;
PED-4246;NIT0000000036;Southern Company;Energ韆;
PED-4247;NIT0000000037;Kraft Heinz;Alimentaci髇;
PED-4248;NIT0000000038;G4S;Servicios P鷅licos;
PED-4249;NIT0000000039;Consultorias Contables;Consultor韆;
PED-4250;NIT0000000040;RWE;Energ韆;
PED-4251;NIT0000000041;Juan Valdez;Consultor韆;
PED-4252;NIT0000000042;Compass Group;Servicios P鷅licos;
PED-4253;NIT0000000043;Serco;Servicios P鷅licos;
PED-4254;NIT0000000044;Soluciones IT;Consultor韆;
PED-4255;NIT0000000045;NextEra Energy;Energ韆;
PED-4256;NIT0000000046;Exelon;Energ韆;
PED-4257;NIT0000000047;EDF;Energ韆;
PED-4258;NIT0000000048;Oracle;Tecnologia;
PED-4259;NIT0000000049;Starbucks;Consultor韆;
PED-4260;NIT0000000050;Accenture;Servicios;
PED-4261;NIT0000000051;Mondelez;Alimentaci髇;
PED-4262;NIT0000000052;KPMG;Servicios;
PED-4263;NIT0000000053;Cisco;Tecnologia;
PED-4264;NIT0000000054;Nestle;Alimentaci髇;
PED-4265;NIT0000000055;Servicios Jur铆dicos;Consultor韆;
PED-4266;NIT0000000056;Burger King;Consultor韆;
PED-4267;NIT0000000057;KFC;Consultor韆;
PED-4268;NIT0000000058;Capgemini;Servicios;
PED-4269;NIT0000000059;Amazon;Tecnologia;
PED-4270;NIT0000000060;Tostao;Consultor韆;
PED-4271;NIT0000000061;McDonald's;Consultor韆;
PED-4272;NIT0000000062;Bain;Servicios;
PED-4273;NIT0000000063;Procter & Gamble;Alimentaci髇;
PED-4274;NIT0000000064;Securitas;Servicios P鷅licos;
PED-4275;NIT0000000065;Crepes & Waffles;Consultor韆;
PED-4276;NIT0000000066;SAP;Tecnologia;
PED-4277;NIT0000000067;Mitie;Servicios P鷅licos;
PED-4278;NIT0000000068;EY;Servicios;
PED-4279;NIT0000000069;BCG;Servicios;
PED-4280;NIT0000000070;Google;Tecnologia;
PED-4281;NIT0000000001;ABM;Servicios P鷅licos;
PED-4282;NIT0000000002;Subway;Consultor韆;
PED-4283;NIT0000000003;Sodexo;Servicios P鷅licos;
PED-4284;NIT0000000004;Asesorias Financieras;Consultor韆;
PED-4285;NIT0000000005;ISS;Servicios P鷅licos;
PED-4286;NIT0000000006;Rentokil;Servicios P鷅licos;
PED-4287;NIT0000000007;Consultores de Negocios;Consultor韆;
PED-4288;NIT0000000008;IBM;Tecnologia;
PED-4289;NIT0000000009;Oma;Consultor韆;
PED-4290;NIT0000000010;Deloitte;Servicios;
PED-4291;NIT0000000011;Apple;Tecnologia;
PED-4292;NIT0000000012;Intel;Tecnologia;
PED-4293;NIT0000000013;General Mills;Alimentaci髇;
PED-4294;NIT0000000014;Unilever;Alimentaci髇;
PED-4295;NIT0000000015;Dunkin Donuts;Consultor韆;
PED-4296;NIT0000000016;Transformaci贸n Digital;Consultor韆;
PED-4297;NIT0000000017;Aramark;Servicios P鷅licos;
PED-4298;NIT0000000018;E.ON;Energ韆;
PED-4299;NIT0000000019;Innovaci贸n y Desarrollo;Consultor韆;
PED-4300;NIT0000000020;Iberdrola;Energ韆;
PED-4301;NIT0000000021;Engie;Energ韆;
PED-4302;NIT0000000022;Estrategias Empresariales;Consultor韆;
PED-4303;NIT0000000023;TCS;Servicios;
PED-4304;NIT0000000024;PepsiCo;Alimentaci髇;
PED-4305;NIT0000000025;PwC;Servicios;
PED-4306;NIT0000000026;Gesti贸n de Proyectos;Consultor韆;
PED-4307;NIT0000000027;Duke Energy;Energ韆;
PED-4308;NIT0000000028;McKinsey;Servicios;
PED-4309;NIT0000000029;Danone;Alimentaci髇;
PED-4310;NIT0000000030;Facebook;Tecnologia;
PED-4311;NIT0000000031;Microsoft;Tecnologia;
PED-4312;NIT0000000032;Enel;Energ韆;
PED-4313;NIT0000000033;Coca-Cola;Alimentaci髇;
PED-4314;NIT0000000034;Optimizaci贸n de Procesos;Consultor韆;
PED-4315;NIT0000000035;Kellogg;Alimentaci髇;
PED-4316;NIT0000000036;Southern Company;Energ韆;
PED-4317;NIT0000000037;Kraft Heinz;Alimentaci髇;
PED-4318;NIT0000000038;G4S;Servicios P鷅licos;
PED-4319;NIT0000000039;Consultorias Contables;Consultor韆;
PED-4320;NIT0000000040;RWE;Energ韆;
PED-4321;NIT0000000041;Juan Valdez;Consultor韆;
PED-4322;NIT0000000042;Compass Group;Servicios P鷅licos;
PED-4323;NIT0000000043;Serco;Servicios P鷅licos;
PED-4324;NIT0000000044;Soluciones IT;Consultor韆;
PED-4325;NIT0000000045;NextEra Energy;Energ韆;
PED-4326;NIT0000000046;Exelon;Energ韆;
PED-4327;NIT0000000047;EDF;Energ韆;
PED-4328;NIT0000000048;Oracle;Tecnologia;
PED-4329;NIT0000000049;Starbucks;Consultor韆;
PED-4330;NIT0000000050;Accenture;Servicios;
PED-4331;NIT0000000051;Mondelez;Alimentaci髇;
PED-4332;NIT0000000052;KPMG;Servicios;
PED-4333;NIT0000000053;Cisco;Tecnologia;
PED-4334;NIT0000000054;Nestle;Alimentaci髇;
PED-4335;NIT0000000055;Servicios Jur铆dicos;Consultor韆;
PED-4336;NIT0000000056;Burger King;Consultor韆;
PED-4337;NIT0000000057;KFC;Consultor韆;
PED-4338;NIT0000000058;Capgemini;Servicios;
PED-4339;NIT0000000059;Amazon;Tecnologia;
PED-4340;NIT0000000060;Tostao;Consultor韆;
PED-4341;NIT0000000061;McDonald's;Consultor韆;
PED-4342;NIT0000000062;Bain;Servicios;
PED-4343;NIT0000000063;Procter & Gamble;Alimentaci髇;
PED-4344;NIT0000000064;Securitas;Servicios P鷅licos;
PED-4345;NIT0000000065;Crepes & Waffles;Consultor韆;
PED-4346;NIT0000000066;SAP;Tecnologia;
PED-4347;NIT0000000067;Mitie;Servicios P鷅licos;
PED-4348;NIT0000000068;EY;Servicios;
PED-4349;NIT0000000069;BCG;Servicios;
PED-4350;NIT0000000070;Google;Tecnologia;
PED-4351;NIT0000000001;ABM;Servicios P鷅licos;
PED-4352;NIT0000000002;Subway;Consultor韆;
PED-4353;NIT0000000003;Sodexo;Servicios P鷅licos;
PED-4354;NIT0000000004;Asesorias Financieras;Consultor韆;
PED-4355;NIT0000000005;ISS;Servicios P鷅licos;
PED-4356;NIT0000000006;Rentokil;Servicios P鷅licos;
PED-4357;NIT0000000007;Consultores de Negocios;Consultor韆;
PED-4358;NIT0000000008;IBM;Tecnologia;
PED-4359;NIT0000000009;Oma;Consultor韆;
PED-4360;NIT0000000010;Deloitte;Servicios;
PED-4361;NIT0000000011;Apple;Tecnologia;
PED-4362;NIT0000000012;Intel;Tecnologia;
PED-4363;NIT0000000013;General Mills;Alimentaci髇;
PED-4364;NIT0000000014;Unilever;Alimentaci髇;
PED-4365;NIT0000000015;Dunkin Donuts;Consultor韆;
PED-4366;NIT0000000016;Transformaci贸n Digital;Consultor韆;
PED-4367;NIT0000000017;Aramark;Servicios P鷅licos;
PED-4368;NIT0000000018;E.ON;Energ韆;
PED-4369;NIT0000000019;Innovaci贸n y Desarrollo;Consultor韆;
PED-4370;NIT0000000020;Iberdrola;Energ韆;
PED-4371;NIT0000000021;Engie;Energ韆;
PED-4372;NIT0000000022;Estrategias Empresariales;Consultor韆;
PED-4373;NIT0000000023;TCS;Servicios;
PED-4374;NIT0000000024;PepsiCo;Alimentaci髇;
PED-4375;NIT0000000025;PwC;Servicios;
PED-4376;NIT0000000026;Gesti贸n de Proyectos;Consultor韆;
PED-4377;NIT0000000027;Duke Energy;Energ韆;
PED-4378;NIT0000000028;McKinsey;Servicios;
PED-4379;NIT0000000029;Danone;Alimentaci髇;
PED-4380;NIT0000000030;Facebook;Tecnologia;
PED-4381;NIT0000000031;Microsoft;Tecnologia;
PED-4382;NIT0000000032;Enel;Energ韆;
PED-4383;NIT0000000033;Coca-Cola;Alimentaci髇;
PED-4384;NIT0000000034;Optimizaci贸n de Procesos;Consultor韆;
PED-4385;NIT0000000035;Kellogg;Alimentaci髇;
PED-4386;NIT0000000036;Southern Company;Energ韆;
PED-4387;NIT0000000037;Kraft Heinz;Alimentaci髇;
PED-4388;NIT0000000038;G4S;Servicios P鷅licos;
PED-4389;NIT0000000039;Consultorias Contables;Consultor韆;
PED-4390;NIT0000000040;RWE;Energ韆;
PED-4391;NIT0000000041;Juan Valdez;Consultor韆;
PED-4392;NIT0000000042;Compass Group;Servicios P鷅licos;
PED-4393;NIT0000000043;Serco;Servicios P鷅licos;
PED-4394;NIT0000000044;Soluciones IT;Consultor韆;
PED-4395;NIT0000000045;NextEra Energy;Energ韆;
PED-4396;NIT0000000046;Exelon;Energ韆;
PED-4397;NIT0000000047;EDF;Energ韆;
PED-4398;NIT0000000048;Oracle;Tecnologia;
PED-4399;NIT0000000049;Starbucks;Consultor韆;
PED-4400;NIT0000000050;Accenture;Servicios;
PED-4401;NIT0000000051;Mondelez;Alimentaci髇;
PED-4402;NIT0000000052;KPMG;Servicios;
PED-4403;NIT0000000053;Cisco;Tecnologia;
PED-4404;NIT0000000054;Nestle;Alimentaci髇;
PED-4405;NIT0000000055;Servicios Jur铆dicos;Consultor韆;
PED-4406;NIT0000000056;Burger King;Consultor韆;
PED-4407;NIT0000000057;KFC;Consultor韆;
PED-4408;NIT0000000058;Capgemini;Servicios;
PED-4409;NIT0000000059;Amazon;Tecnologia;
PED-4410;NIT0000000060;Tostao;Consultor韆;
PED-4411;NIT0000000061;McDonald's;Consultor韆;
PED-4412;NIT0000000062;Bain;Servicios;
PED-4413;NIT0000000063;Procter & Gamble;Alimentaci髇;
PED-4414;NIT0000000064;Securitas;Servicios P鷅licos;
PED-4415;NIT0000000065;Crepes & Waffles;Consultor韆;
PED-4416;NIT0000000066;SAP;Tecnologia;
PED-4417;NIT0000000067;Mitie;Servicios P鷅licos;
PED-4418;NIT0000000068;EY;Servicios;
PED-4419;NIT0000000069;BCG;Servicios;
PED-4420;NIT0000000070;Google;Tecnologia;
PED-4421;NIT0000000001;ABM;Servicios P鷅licos;
PED-4422;NIT0000000002;Subway;Consultor韆;
PED-4423;NIT0000000003;Sodexo;Servicios P鷅licos;
PED-4424;NIT0000000004;Asesorias Financieras;Consultor韆;
PED-4425;NIT0000000005;ISS;Servicios P鷅licos;
PED-4426;NIT0000000006;Rentokil;Servicios P鷅licos;
PED-4427;NIT0000000007;Consultores de Negocios;Consultor韆;
PED-4428;NIT0000000008;IBM;Tecnologia;
PED-4429;NIT0000000009;Oma;Consultor韆;
PED-4430;NIT0000000010;Deloitte;Servicios;
PED-4431;NIT0000000011;Apple;Tecnologia;
PED-4432;NIT0000000012;Intel;Tecnologia;
PED-4433;NIT0000000013;General Mills;Alimentaci髇;
PED-4434;NIT0000000014;Unilever;Alimentaci髇;
PED-4435;NIT0000000015;Dunkin Donuts;Consultor韆;
PED-4436;NIT0000000016;Transformaci贸n Digital;Consultor韆;
PED-4437;NIT0000000017;Aramark;Servicios P鷅licos;
PED-4438;NIT0000000018;E.ON;Energ韆;
PED-4439;NIT0000000019;Innovaci贸n y Desarrollo;Consultor韆;
PED-4440;NIT0000000020;Iberdrola;Energ韆;
PED-4441;NIT0000000021;Engie;Energ韆;
PED-4442;NIT0000000022;Estrategias Empresariales;Consultor韆;
PED-4443;NIT0000000023;TCS;Servicios;
PED-4444;NIT0000000024;PepsiCo;Alimentaci髇;
PED-4445;NIT0000000025;PwC;Servicios;
PED-4446;NIT0000000026;Gesti贸n de Proyectos;Consultor韆;
PED-4447;NIT0000000027;Duke Energy;Energ韆;
PED-4448;NIT0000000028;McKinsey;Servicios;
PED-4449;NIT0000000029;Danone;Alimentaci髇;
PED-4450;NIT0000000030;Facebook;Tecnologia;
PED-4451;NIT0000000031;Microsoft;Tecnologia;
PED-4452;NIT0000000032;Enel;Energ韆;
PED-4453;NIT0000000033;Coca-Cola;Alimentaci髇;
PED-4454;NIT0000000034;Optimizaci贸n de Procesos;Consultor韆;
PED-4455;NIT0000000035;Kellogg;Alimentaci髇;
PED-4456;NIT0000000036;Southern Company;Energ韆;
PED-4457;NIT0000000037;Kraft Heinz;Alimentaci髇;
PED-4458;NIT0000000038;G4S;Servicios P鷅licos;
PED-4459;NIT0000000039;Consultorias Contables;Consultor韆;
PED-4460;NIT0000000040;RWE;Energ韆;
PED-4461;NIT0000000041;Juan Valdez;Consultor韆;
PED-4462;NIT0000000042;Compass Group;Servicios P鷅licos;
PED-4463;NIT0000000043;Serco;Servicios P鷅licos;
PED-4464;NIT0000000044;Soluciones IT;Consultor韆;
PED-4465;NIT0000000045;NextEra Energy;Energ韆;
PED-4466;NIT0000000046;Exelon;Energ韆;
PED-4467;NIT0000000047;EDF;Energ韆;
PED-4468;NIT0000000048;Oracle;Tecnologia;
PED-4469;NIT0000000049;Starbucks;Consultor韆;
PED-4470;NIT0000000050;Accenture;Servicios;
PED-4471;NIT0000000051;Mondelez;Alimentaci髇;
PED-4472;NIT0000000052;KPMG;Servicios;
PED-4473;NIT0000000053;Cisco;Tecnologia;
PED-4474;NIT0000000054;Nestle;Alimentaci髇;
PED-4475;NIT0000000055;Servicios Jur铆dicos;Consultor韆;
PED-4476;NIT0000000056;Burger King;Consultor韆;
PED-4477;NIT0000000057;KFC;Consultor韆;
PED-4478;NIT0000000058;Capgemini;Servicios;
PED-4479;NIT0000000059;Amazon;Tecnologia;
PED-4480;NIT0000000060;Tostao;Consultor韆;
PED-4481;NIT0000000061;McDonald's;Consultor韆;
PED-4482;NIT0000000062;Bain;Servicios;
PED-4483;NIT0000000063;Procter & Gamble;Alimentaci髇;
PED-4484;NIT0000000064;Securitas;Servicios P鷅licos;
PED-4485;NIT0000000065;Crepes & Waffles;Consultor韆;
PED-4486;NIT0000000066;SAP;Tecnologia;
PED-4487;NIT0000000067;Mitie;Servicios P鷅licos;
PED-4488;NIT0000000068;EY;Servicios;
PED-4489;NIT0000000069;BCG;Servicios;
PED-4490;NIT0000000070;Google;Tecnologia;
PED-4491;NIT0000000001;ABM;Servicios P鷅licos;
PED-4492;NIT0000000002;Subway;Consultor韆;
PED-4493;NIT0000000003;Sodexo;Servicios P鷅licos;
PED-4494;NIT0000000004;Asesorias Financieras;Consultor韆;
PED-4495;NIT0000000005;ISS;Servicios P鷅licos;
PED-4496;NIT0000000006;Rentokil;Servicios P鷅licos;
PED-4497;NIT0000000007;Consultores de Negocios;Consultor韆;
PED-4498;NIT0000000008;IBM;Tecnologia;
PED-4499;NIT0000000009;Oma;Consultor韆;
PED-4500;NIT0000000010;Deloitte;Servicios;
PED-4501;NIT0000000011;Apple;Tecnologia;
PED-4502;NIT0000000012;Intel;Tecnologia;
PED-4503;NIT0000000013;General Mills;Alimentaci髇;
PED-4504;NIT0000000014;Unilever;Alimentaci髇;
PED-4505;NIT0000000015;Dunkin Donuts;Consultor韆;
PED-4506;NIT0000000016;Transformaci贸n Digital;Consultor韆;
PED-4507;NIT0000000017;Aramark;Servicios P鷅licos;
PED-4508;NIT0000000018;E.ON;Energ韆;
PED-4509;NIT0000000019;Innovaci贸n y Desarrollo;Consultor韆;
PED-4510;NIT0000000020;Iberdrola;Energ韆;
PED-4511;NIT0000000021;Engie;Energ韆;
PED-4512;NIT0000000022;Estrategias Empresariales;Consultor韆;
PED-4513;NIT0000000023;TCS;Servicios;
PED-4514;NIT0000000024;PepsiCo;Alimentaci髇;
PED-4515;NIT0000000025;PwC;Servicios;
PED-4516;NIT0000000026;Gesti贸n de Proyectos;Consultor韆;
PED-4517;NIT0000000027;Duke Energy;Energ韆;
PED-4518;NIT0000000028;McKinsey;Servicios;
PED-4519;NIT0000000029;Danone;Alimentaci髇;
PED-4520;NIT0000000030;Facebook;Tecnologia;
PED-4521;NIT0000000031;Microsoft;Tecnologia;
PED-4522;NIT0000000032;Enel;Energ韆;
PED-4523;NIT0000000033;Coca-Cola;Alimentaci髇;
PED-4524;NIT0000000034;Optimizaci贸n de Procesos;Consultor韆;
PED-4525;NIT0000000035;Kellogg;Alimentaci髇;
PED-4526;NIT0000000036;Southern Company;Energ韆;
PED-4527;NIT0000000037;Kraft Heinz;Alimentaci髇;
PED-4528;NIT0000000038;G4S;Servicios P鷅licos;
PED-4529;NIT0000000039;Consultorias Contables;Consultor韆;
PED-4530;NIT0000000040;RWE;Energ韆;
PED-4531;NIT0000000041;Juan Valdez;Consultor韆;
PED-4532;NIT0000000042;Compass Group;Servicios P鷅licos;
PED-4533;NIT0000000043;Serco;Servicios P鷅licos;
PED-4534;NIT0000000044;Soluciones IT;Consultor韆;
PED-4535;NIT0000000045;NextEra Energy;Energ韆;
PED-4536;NIT0000000046;Exelon;Energ韆;
PED-4537;NIT0000000047;EDF;Energ韆;
PED-4538;NIT0000000048;Oracle;Tecnologia;
PED-4539;NIT0000000049;Starbucks;Consultor韆;
PED-4540;NIT0000000050;Accenture;Servicios;
PED-4541;NIT0000000051;Mondelez;Alimentaci髇;
PED-4542;NIT0000000052;KPMG;Servicios;
PED-4543;NIT0000000053;Cisco;Tecnologia;
PED-4544;NIT0000000054;Nestle;Alimentaci髇;
PED-4545;NIT0000000055;Servicios Jur铆dicos;Consultor韆;
PED-4546;NIT0000000056;Burger King;Consultor韆;
PED-4547;NIT0000000057;KFC;Consultor韆;
PED-4548;NIT0000000058;Capgemini;Servicios;
PED-4549;NIT0000000059;Amazon;Tecnologia;
PED-4550;NIT0000000060;Tostao;Consultor韆;
PED-4551;NIT0000000061;McDonald's;Consultor韆;
PED-4552;NIT0000000062;Bain;Servicios;
PED-4553;NIT0000000063;Procter & Gamble;Alimentaci髇;
PED-4554;NIT0000000064;Securitas;Servicios P鷅licos;
PED-4555;NIT0000000065;Crepes & Waffles;Consultor韆;
PED-4556;NIT0000000066;SAP;Tecnologia;
PED-4557;NIT0000000067;Mitie;Servicios P鷅licos;
PED-4558;NIT0000000068;EY;Servicios;
PED-4559;NIT0000000069;BCG;Servicios;
PED-4560;NIT0000000070;Google;Tecnologia;
PED-4561;NIT0000000001;ABM;Servicios P鷅licos;
PED-4562;NIT0000000002;Subway;Consultor韆;
PED-4563;NIT0000000003;Sodexo;Servicios P鷅licos;
PED-4564;NIT0000000004;Asesorias Financieras;Consultor韆;
PED-4565;NIT0000000005;ISS;Servicios P鷅licos;
PED-4566;NIT0000000006;Rentokil;Servicios P鷅licos;
PED-4567;NIT0000000007;Consultores de Negocios;Consultor韆;
PED-4568;NIT0000000008;IBM;Tecnologia;
PED-4569;NIT0000000009;Oma;Consultor韆;
PED-4570;NIT0000000010;Deloitte;Servicios;
PED-4571;NIT0000000011;Apple;Tecnologia;
PED-4572;NIT0000000012;Intel;Tecnologia;
PED-4573;NIT0000000013;General Mills;Alimentaci髇;
PED-4574;NIT0000000014;Unilever;Alimentaci髇;
PED-4575;NIT0000000015;Dunkin Donuts;Consultor韆;
PED-4576;NIT0000000016;Transformaci贸n Digital;Consultor韆;
PED-4577;NIT0000000017;Aramark;Servicios P鷅licos;
PED-4578;NIT0000000018;E.ON;Energ韆;
PED-4579;NIT0000000019;Innovaci贸n y Desarrollo;Consultor韆;
PED-4580;NIT0000000020;Iberdrola;Energ韆;
PED-4581;NIT0000000021;Engie;Energ韆;
PED-4582;NIT0000000022;Estrategias Empresariales;Consultor韆;
PED-4583;NIT0000000023;TCS;Servicios;
PED-4584;NIT0000000024;PepsiCo;Alimentaci髇;
PED-4586;NIT0000000026;Gesti贸n de Proyectos;Consultor韆;
PED-4587;NIT0000000027;Duke Energy;Energ韆;
PED-4588;NIT0000000028;McKinsey;Servicios;
PED-4589;NIT0000000029;Danone;Alimentaci髇;
PED-4590;NIT0000000030;Facebook;Tecnologia;
PED-4591;NIT0000000031;Microsoft;Tecnologia;
PED-4592;NIT0000000032;Enel;Energ韆;
PED-4593;NIT0000000033;Coca-Cola;Alimentaci髇;
PED-4594;NIT0000000034;Optimizaci贸n de Procesos;Consultor韆;
PED-4595;NIT0000000035;Kellogg;Alimentaci髇;
PED-4596;NIT0000000036;Southern Company;Energ韆;
PED-4597;NIT0000000037;Kraft Heinz;Alimentaci髇;
PED-4598;NIT0000000038;G4S;Servicios P鷅licos;
PED-4599;NIT0000000039;Consultorias Contables;Consultor韆;
PED-4600;NIT0000000040;RWE;Energ韆;
PED-4601;NIT0000000041;Juan Valdez;Consultor韆;
PED-4602;NIT0000000042;Compass Group;Servicios P鷅licos;
PED-4603;NIT0000000043;Serco;Servicios P鷅licos;
PED-4604;NIT0000000044;Soluciones IT;Consultor韆;
PED-4605;NIT0000000045;NextEra Energy;Energ韆;
PED-4606;NIT0000000046;Exelon;Energ韆;
PED-4607;NIT0000000047;EDF;Energ韆;
PED-4608;NIT0000000048;Oracle;Tecnologia;
PED-4609;NIT0000000049;Starbucks;Consultor韆;
PED-4610;NIT0000000050;Accenture;Servicios;
PED-4611;NIT0000000051;Mondelez;Alimentaci髇;
PED-4612;NIT0000000052;KPMG;Servicios;
PED-4613;NIT0000000053;Cisco;Tecnologia;
PED-4614;NIT0000000054;Nestle;Alimentaci髇;
PED-4615;NIT0000000055;Servicios Jur铆dicos;Consultor韆;
PED-4616;NIT0000000056;Burger King;Consultor韆;
PED-4617;NIT0000000057;KFC;Consultor韆;
PED-4618;NIT0000000058;Capgemini;Servicios;
PED-4619;NIT0000000059;Amazon;Tecnologia;
PED-4620;NIT0000000060;Tostao;Consultor韆;
PED-4621;NIT0000000061;McDonald's;Consultor韆;
PED-4622;NIT0000000062;Bain;Servicios;
PED-4623;NIT0000000063;Procter & Gamble;Alimentaci髇;
PED-4624;NIT0000000064;Securitas;Servicios P鷅licos;
PED-4625;NIT0000000065;Crepes & Waffles;Consultor韆;
PED-4626;NIT0000000066;SAP;Tecnologia;
PED-4627;NIT0000000067;Mitie;Servicios P鷅licos;
PED-4628;NIT0000000068;EY;Servicios;
PED-4629;NIT0000000069;BCG;Servicios;
PED-4630;NIT0000000070;Google;Tecnologia;
PED-4631;NIT0000000001;ABM;Servicios P鷅licos;
PED-4632;NIT0000000002;Subway;Consultor韆;
PED-4633;NIT0000000003;Sodexo;Servicios P鷅licos;
PED-4634;NIT0000000004;Asesorias Financieras;Consultor韆;
PED-4635;NIT0000000005;ISS;Servicios P鷅licos;
PED-4636;NIT0000000006;Rentokil;Servicios P鷅licos;
PED-4637;NIT0000000007;Consultores de Negocios;Consultor韆;
PED-4638;NIT0000000008;IBM;Tecnologia;
PED-4639;NIT0000000009;Oma;Consultor韆;
PED-4640;NIT0000000010;Deloitte;Servicios;
PED-4641;NIT0000000011;Apple;Tecnologia;
PED-4642;NIT0000000012;Intel;Tecnologia;
PED-4643;NIT0000000013;General Mills;Alimentaci髇;
PED-4644;NIT0000000014;Unilever;Alimentaci髇;
PED-4645;NIT0000000015;Dunkin Donuts;Consultor韆;
PED-4646;NIT0000000016;Transformaci贸n Digital;Consultor韆;
PED-4647;NIT0000000017;Aramark;Servicios P鷅licos;
PED-4648;NIT0000000018;E.ON;Energ韆;
PED-4649;NIT0000000019;Innovaci贸n y Desarrollo;Consultor韆;
PED-4650;NIT0000000020;Iberdrola;Energ韆;
PED-4651;NIT0000000021;Engie;Energ韆;
PED-4652;NIT0000000022;Estrategias Empresariales;Consultor韆;
PED-4653;NIT0000000023;TCS;Servicios;
PED-4654;NIT0000000024;PepsiCo;Alimentaci髇;
PED-4655;NIT0000000025;PwC;Servicios;
PED-4656;NIT0000000026;Gesti贸n de Proyectos;Consultor韆;
PED-4657;NIT0000000027;Duke Energy;Energ韆;
PED-4658;NIT0000000028;McKinsey;Servicios;
PED-4659;NIT0000000029;Danone;Alimentaci髇;
PED-4660;NIT0000000030;Facebook;Tecnologia;
PED-4661;NIT0000000031;Microsoft;Tecnologia;
PED-4662;NIT0000000032;Enel;Energ韆;
PED-4663;NIT0000000033;Coca-Cola;Alimentaci髇;
PED-4664;NIT0000000034;Optimizaci贸n de Procesos;Consultor韆;
PED-4665;NIT0000000035;Kellogg;Alimentaci髇;
PED-4666;NIT0000000036;Southern Company;Energ韆;
PED-4667;NIT0000000037;Kraft Heinz;Alimentaci髇;
PED-4668;NIT0000000038;G4S;Servicios P鷅licos;
PED-4669;NIT0000000039;Consultorias Contables;Consultor韆;
PED-4670;NIT0000000040;RWE;Energ韆;
PED-4671;NIT0000000041;Juan Valdez;Consultor韆;
PED-4672;NIT0000000042;Compass Group;Servicios P鷅licos;
PED-4673;NIT0000000043;Serco;Servicios P鷅licos;
PED-4674;NIT0000000044;Soluciones IT;Consultor韆;
PED-4675;NIT0000000045;NextEra Energy;Energ韆;
PED-4676;NIT0000000046;Exelon;Energ韆;
PED-4677;NIT0000000047;EDF;Energ韆;
PED-4678;NIT0000000048;Oracle;Tecnologia;
PED-4679;NIT0000000049;Starbucks;Consultor韆;
PED-4680;NIT0000000050;Accenture;Servicios;
PED-4681;NIT0000000051;Mondelez;Alimentaci髇;
PED-4682;NIT0000000052;KPMG;Servicios;
PED-4683;NIT0000000053;Cisco;Tecnologia;
PED-4684;NIT0000000054;Nestle;Alimentaci髇;
PED-4685;NIT0000000055;Servicios Jur铆dicos;Consultor韆;
PED-4686;NIT0000000056;Burger King;Consultor韆;
PED-4687;NIT0000000057;KFC;Consultor韆;
PED-4688;NIT0000000058;Capgemini;Servicios;
PED-4689;NIT0000000059;Amazon;Tecnologia;
PED-4690;NIT0000000060;Tostao;Consultor韆;
PED-4691;NIT0000000061;McDonald's;Consultor韆;
PED-4692;NIT0000000062;Bain;Servicios;
PED-4693;NIT0000000063;Procter & Gamble;Alimentaci髇;
PED-4694;NIT0000000064;Securitas;Servicios P鷅licos;
PED-4695;NIT0000000065;Crepes & Waffles;Consultor韆;
PED-4696;NIT0000000066;SAP;Tecnologia;
PED-4697;NIT0000000067;Mitie;Servicios P鷅licos;
PED-4698;NIT0000000068;EY;Servicios;
PED-4699;NIT0000000069;BCG;Servicios;
PED-4700;NIT0000000070;Google;Tecnologia;
PED-4701;NIT0000000001;ABM;Servicios P鷅licos;
PED-4702;NIT0000000002;Subway;Consultor韆;
PED-4703;NIT0000000003;Sodexo;Servicios P鷅licos;
PED-4704;NIT0000000004;Asesorias Financieras;Consultor韆;
PED-4705;NIT0000000005;ISS;Servicios P鷅licos;
PED-4706;NIT0000000006;Rentokil;Servicios P鷅licos;
PED-4707;NIT0000000007;Consultores de Negocios;Consultor韆;
PED-4708;NIT0000000008;IBM;Tecnologia;
PED-4709;NIT0000000009;Oma;Consultor韆;
PED-4710;NIT0000000010;Deloitte;Servicios;
PED-4711;NIT0000000011;Apple;Tecnologia;
PED-4712;NIT0000000012;Intel;Tecnologia;
PED-4713;NIT0000000013;General Mills;Alimentaci髇;
PED-4714;NIT0000000014;Unilever;Alimentaci髇;
PED-4715;NIT0000000015;Dunkin Donuts;Consultor韆;
PED-4716;NIT0000000016;Transformaci贸n Digital;Consultor韆;
PED-4717;NIT0000000017;Aramark;Servicios P鷅licos;
PED-4718;NIT0000000018;E.ON;Energ韆;
PED-4719;NIT0000000019;Innovaci贸n y Desarrollo;Consultor韆;
PED-4720;NIT0000000020;Iberdrola;Energ韆;
PED-4721;NIT0000000021;Engie;Energ韆;
PED-4722;NIT0000000022;Estrategias Empresariales;Consultor韆;
PED-4723;NIT0000000023;TCS;Servicios;
PED-4724;NIT0000000024;PepsiCo;Alimentaci髇;
PED-4725;NIT0000000025;PwC;Servicios;
PED-4726;NIT0000000026;Gesti贸n de Proyectos;Consultor韆;
PED-4727;NIT0000000027;Duke Energy;Energ韆;
PED-4728;NIT0000000028;McKinsey;Servicios;
PED-4729;NIT0000000029;Danone;Alimentaci髇;
PED-4730;NIT0000000030;Facebook;Tecnologia;
PED-4731;NIT0000000031;Microsoft;Tecnologia;
PED-4732;NIT0000000032;Enel;Energ韆;
PED-4733;NIT0000000033;Coca-Cola;Alimentaci髇;
PED-4734;NIT0000000034;Optimizaci贸n de Procesos;Consultor韆;
PED-4735;NIT0000000035;Kellogg;Alimentaci髇;
PED-4736;NIT0000000036;Southern Company;Energ韆;
PED-4737;NIT0000000037;Kraft Heinz;Alimentaci髇;
PED-4738;NIT0000000038;G4S;Servicios P鷅licos;
PED-4739;NIT0000000039;Consultorias Contables;Consultor韆;
PED-4740;NIT0000000040;RWE;Energ韆;
PED-4741;NIT0000000041;Juan Valdez;Consultor韆;
PED-4742;NIT0000000042;Compass Group;Servicios P鷅licos;
PED-4743;NIT0000000043;Serco;Servicios P鷅licos;
PED-4744;NIT0000000044;Soluciones IT;Consultor韆;
PED-4745;NIT0000000045;NextEra Energy;Energ韆;
PED-4746;NIT0000000046;Exelon;Energ韆;
PED-4747;NIT0000000047;EDF;Energ韆;
PED-4748;NIT0000000048;Oracle;Tecnologia;
PED-4749;NIT0000000049;Starbucks;Consultor韆;
PED-4750;NIT0000000050;Accenture;Servicios;
PED-4751;NIT0000000051;Mondelez;Alimentaci髇;
PED-4752;NIT0000000052;KPMG;Servicios;
PED-4753;NIT0000000053;Cisco;Tecnologia;
PED-4754;NIT0000000054;Nestle;Alimentaci髇;
PED-4755;NIT0000000055;Servicios Jur铆dicos;Consultor韆;
PED-4756;NIT0000000056;Burger King;Consultor韆;
PED-4757;NIT0000000057;KFC;Consultor韆;
PED-4758;NIT0000000058;Capgemini;Servicios;
PED-4759;NIT0000000059;Amazon;Tecnologia;
PED-4760;NIT0000000060;Tostao;Consultor韆;
PED-4761;NIT0000000061;McDonald's;Consultor韆;
PED-4762;NIT0000000062;Bain;Servicios;
PED-4763;NIT0000000063;Procter & Gamble;Alimentaci髇;
PED-4764;NIT0000000064;Securitas;Servicios P鷅licos;
PED-4765;NIT0000000065;Crepes & Waffles;Consultor韆;
PED-4766;NIT0000000066;SAP;Tecnologia;
PED-4767;NIT0000000067;Mitie;Servicios P鷅licos;
PED-4768;NIT0000000068;EY;Servicios;
PED-4769;NIT0000000069;BCG;Servicios;
PED-4770;NIT0000000070;Google;Tecnologia;
PED-4771;NIT0000000001;ABM;Servicios P鷅licos;
PED-4772;NIT0000000002;Subway;Consultor韆;
PED-4773;NIT0000000003;Sodexo;Servicios P鷅licos;
PED-4774;NIT0000000004;Asesorias Financieras;Consultor韆;
PED-4775;NIT0000000005;ISS;Servicios P鷅licos;
PED-4776;NIT0000000006;Rentokil;Servicios P鷅licos;
PED-4777;NIT0000000007;Consultores de Negocios;Consultor韆;
PED-4778;NIT0000000008;IBM;Tecnologia;
PED-4779;NIT0000000009;Oma;Consultor韆;
PED-4780;NIT0000000010;Deloitte;Servicios;
PED-4781;NIT0000000011;Apple;Tecnologia;
PED-4782;NIT0000000012;Intel;Tecnologia;
PED-4783;NIT0000000013;General Mills;Alimentaci髇;
PED-4784;NIT0000000014;Unilever;Alimentaci髇;
PED-4785;NIT0000000015;Dunkin Donuts;Consultor韆;
PED-4786;NIT0000000016;Transformaci贸n Digital;Consultor韆;
PED-4787;NIT0000000017;Aramark;Servicios P鷅licos;
PED-4788;NIT0000000018;E.ON;Energ韆;
PED-4789;NIT0000000019;Innovaci贸n y Desarrollo;Consultor韆;
PED-4790;NIT0000000020;Iberdrola;Energ韆;
PED-4791;NIT0000000021;Engie;Energ韆;
PED-4792;NIT0000000022;Estrategias Empresariales;Consultor韆;
PED-4793;NIT0000000023;TCS;Servicios;
PED-4794;NIT0000000024;PepsiCo;Alimentaci髇;
PED-4795;NIT0000000025;PwC;Servicios;
PED-4796;NIT0000000026;Gesti贸n de Proyectos;Consultor韆;
PED-4797;NIT0000000027;Duke Energy;Energ韆;
PED-4798;NIT0000000028;McKinsey;Servicios;
PED-4799;NIT0000000029;Danone;Alimentaci髇;
PED-4800;NIT0000000030;Facebook;Tecnologia;
PED-4801;NIT0000000031;Microsoft;Tecnologia;
PED-4802;NIT0000000032;Enel;Energ韆;
PED-4803;NIT0000000033;Coca-Cola;Alimentaci髇;
PED-4804;NIT0000000034;Optimizaci贸n de Procesos;Consultor韆;
PED-4805;NIT0000000035;Kellogg;Alimentaci髇;
PED-4806;NIT0000000036;Southern Company;Energ韆;
PED-4807;NIT0000000037;Kraft Heinz;Alimentaci髇;
PED-4808;NIT0000000038;G4S;Servicios P鷅licos;
PED-4809;NIT0000000039;Consultorias Contables;Consultor韆;
PED-4810;NIT0000000040;RWE;Energ韆;
PED-4811;NIT0000000041;Juan Valdez;Consultor韆;
PED-4812;NIT0000000042;Compass Group;Servicios P鷅licos;
PED-4813;NIT0000000043;Serco;Servicios P鷅licos;
PED-4814;NIT0000000044;Soluciones IT;Consultor韆;
PED-4815;NIT0000000045;NextEra Energy;Energ韆;
PED-4816;NIT0000000046;Exelon;Energ韆;
PED-4817;NIT0000000047;EDF;Energ韆;
PED-4818;NIT0000000048;Oracle;Tecnologia;
PED-4819;NIT0000000049;Starbucks;Consultor韆;
PED-4820;NIT0000000050;Accenture;Servicios;
PED-4821;NIT0000000051;Mondelez;Alimentaci髇;
PED-4822;NIT0000000052;KPMG;Servicios;
PED-4823;NIT0000000053;Cisco;Tecnologia;
PED-4824;NIT0000000054;Nestle;Alimentaci髇;
PED-4825;NIT0000000055;Servicios Jur铆dicos;Consultor韆;
PED-4826;NIT0000000056;Burger King;Consultor韆;
PED-4827;NIT0000000057;KFC;Consultor韆;
PED-4828;NIT0000000058;Capgemini;Servicios;
PED-4829;NIT0000000059;Amazon;Tecnologia;
PED-4830;NIT0000000060;Tostao;Consultor韆;
PED-4831;NIT0000000061;McDonald's;Consultor韆;
PED-4832;NIT0000000062;Bain;Servicios;
PED-4833;NIT0000000063;Procter & Gamble;Alimentaci髇;
PED-4834;NIT0000000064;Securitas;Servicios P鷅licos;
PED-4835;NIT0000000065;Crepes & Waffles;Consultor韆;
PED-4836;NIT0000000066;SAP;Tecnologia;
PED-4837;NIT0000000067;Mitie;Servicios P鷅licos;
PED-4838;NIT0000000068;EY;Servicios;
PED-4839;NIT0000000069;BCG;Servicios;
PED-4840;NIT0000000070;Google;Tecnologia;
PED-4841;NIT0000000001;ABM;Servicios P鷅licos;
PED-4842;NIT0000000002;Subway;Consultor韆;
PED-4843;NIT0000000003;Sodexo;Servicios P鷅licos;
PED-4844;NIT0000000004;Asesorias Financieras;Consultor韆;
PED-4845;NIT0000000005;ISS;Servicios P鷅licos;
PED-4846;NIT0000000006;Rentokil;Servicios P鷅licos;
PED-4847;NIT0000000007;Consultores de Negocios;Consultor韆;
PED-4848;NIT0000000008;IBM;Tecnologia;
PED-4849;NIT0000000009;Oma;Consultor韆;
PED-4850;NIT0000000010;Deloitte;Servicios;
PED-4851;NIT0000000011;Apple;Tecnologia;
PED-4852;NIT0000000012;Intel;Tecnologia;
PED-4853;NIT0000000013;General Mills;Alimentaci髇;
PED-4854;NIT0000000014;Unilever;Alimentaci髇;
PED-4855;NIT0000000015;Dunkin Donuts;Consultor韆;
PED-4856;NIT0000000016;Transformaci贸n Digital;Consultor韆;
PED-4857;NIT0000000017;Aramark;Servicios P鷅licos;
PED-4858;NIT0000000018;E.ON;Energ韆;
PED-4859;NIT0000000019;Innovaci贸n y Desarrollo;Consultor韆;
PED-4860;NIT0000000020;Iberdrola;Energ韆;
PED-4861;NIT0000000021;Engie;Energ韆;
PED-4862;NIT0000000022;Estrategias Empresariales;Consultor韆;
PED-4863;NIT0000000023;TCS;Servicios;
PED-4864;NIT0000000024;PepsiCo;Alimentaci髇;
PED-4865;NIT0000000025;PwC;Servicios;
PED-4866;NIT0000000026;Gesti贸n de Proyectos;Consultor韆;
PED-4867;NIT0000000027;Duke Energy;Energ韆;
PED-4868;NIT0000000028;McKinsey;Servicios;
PED-4869;NIT0000000029;Danone;Alimentaci髇;
PED-4870;NIT0000000030;Facebook;Tecnologia;
PED-4871;NIT0000000031;Microsoft;Tecnologia;
PED-4872;NIT0000000032;Enel;Energ韆;
PED-4873;NIT0000000033;Coca-Cola;Alimentaci髇;
PED-4874;NIT0000000034;Optimizaci贸n de Procesos;Consultor韆;
PED-4875;NIT0000000035;Kellogg;Alimentaci髇;
PED-4876;NIT0000000036;Southern Company;Energ韆;
PED-4877;NIT0000000037;Kraft Heinz;Alimentaci髇;
PED-4878;NIT0000000038;G4S;Servicios P鷅licos;
PED-4879;NIT0000000039;Consultorias Contables;Consultor韆;
PED-4880;NIT0000000040;RWE;Energ韆;
PED-4881;NIT0000000041;Juan Valdez;Consultor韆;
PED-4882;NIT0000000042;Compass Group;Servicios P鷅licos;
PED-4883;NIT0000000043;Serco;Servicios P鷅licos;
PED-4884;NIT0000000044;Soluciones IT;Consultor韆;
PED-4885;NIT0000000045;NextEra Energy;Energ韆;
PED-4886;NIT0000000046;Exelon;Energ韆;
PED-4887;NIT0000000047;EDF;Energ韆;
PED-4888;NIT0000000048;Oracle;Tecnologia;
PED-4889;NIT0000000049;Starbucks;Consultor韆;
PED-4890;NIT0000000050;Accenture;Servicios;
PED-4891;NIT0000000051;Mondelez;Alimentaci髇;
PED-4892;NIT0000000052;KPMG;Servicios;
PED-4893;NIT0000000053;Cisco;Tecnologia;
PED-4894;NIT0000000054;Nestle;Alimentaci髇;
PED-4895;NIT0000000055;Servicios Jur铆dicos;Consultor韆;
PED-4896;NIT0000000056;Burger King;Consultor韆;
PED-4897;NIT0000000057;KFC;Consultor韆;
PED-4898;NIT0000000058;Capgemini;Servicios;
PED-4899;NIT0000000059;Amazon;Tecnologia;
PED-4900;NIT0000000060;Tostao;Consultor韆;
PED-4901;NIT0000000061;McDonald's;Consultor韆;
PED-4902;NIT0000000062;Bain;Servicios;
PED-4903;NIT0000000063;Procter & Gamble;Alimentaci髇;
PED-4904;NIT0000000064;Securitas;Servicios P鷅licos;
PED-4905;NIT0000000065;Crepes & Waffles;Consultor韆;
PED-4906;NIT0000000066;SAP;Tecnologia;
PED-4907;NIT0000000067;Mitie;Servicios P鷅licos;
PED-4908;NIT0000000068;EY;Servicios;
PED-4909;NIT0000000069;BCG;Servicios;
PED-4910;NIT0000000070;Google;Tecnologia;
PED-4911;NIT0000000001;ABM;Servicios P鷅licos;
PED-4912;NIT0000000002;Subway;Consultor韆;
PED-4913;NIT0000000003;Sodexo;Servicios P鷅licos;
PED-4914;NIT0000000004;Asesorias Financieras;Consultor韆;
PED-4915;NIT0000000005;ISS;Servicios P鷅licos;
PED-4916;NIT0000000006;Rentokil;Servicios P鷅licos;
PED-4917;NIT0000000007;Consultores de Negocios;Consultor韆;
PED-4918;NIT0000000008;IBM;Tecnologia;
PED-4919;NIT0000000009;Oma;Consultor韆;
PED-4920;NIT0000000010;Deloitte;Servicios;
PED-4921;NIT0000000011;Apple;Tecnologia;
PED-4922;NIT0000000012;Intel;Tecnologia;
PED-4923;NIT0000000013;General Mills;Alimentaci髇;
PED-4924;NIT0000000014;Unilever;Alimentaci髇;
PED-4925;NIT0000000015;Dunkin Donuts;Consultor韆;
PED-4926;NIT0000000016;Transformaci贸n Digital;Consultor韆;
PED-4927;NIT0000000017;Aramark;Servicios P鷅licos;
PED-4929;NIT0000000019;Innovaci贸n y Desarrollo;Consultor韆;
PED-4930;NIT0000000020;Iberdrola;Energ韆;
PED-4931;NIT0000000021;Engie;Energ韆;
PED-4932;NIT0000000022;Estrategias Empresariales;Consultor韆;
PED-4933;NIT0000000023;TCS;Servicios;
PED-4934;NIT0000000024;PepsiCo;Alimentaci髇;
PED-4935;NIT0000000025;PwC;Servicios;
PED-4936;NIT0000000026;Gesti贸n de Proyectos;Consultor韆;
PED-4937;NIT0000000027;Duke Energy;Energ韆;
PED-4938;NIT0000000028;McKinsey;Servicios;
PED-4939;NIT0000000029;Danone;Alimentaci髇;
PED-4940;NIT0000000030;Facebook;Tecnologia;
PED-4941;NIT0000000031;Microsoft;Tecnologia;
PED-4942;NIT0000000032;Enel;Energ韆;
PED-4943;NIT0000000033;Coca-Cola;Alimentaci髇;
PED-4944;NIT0000000034;Optimizaci贸n de Procesos;Consultor韆;
PED-4945;NIT0000000035;Kellogg;Alimentaci髇;
PED-4946;NIT0000000036;Southern Company;Energ韆;
PED-4947;NIT0000000037;Kraft Heinz;Alimentaci髇;
PED-4948;NIT0000000038;G4S;Servicios P鷅licos;
PED-4949;NIT0000000039;Consultorias Contables;Consultor韆;
PED-4950;NIT0000000040;RWE;Energ韆;
PED-4951;NIT0000000041;Juan Valdez;Consultor韆;
PED-4952;NIT0000000042;Compass Group;Servicios P鷅licos;
PED-4953;NIT0000000043;Serco;Servicios P鷅licos;
PED-4954;NIT0000000044;Soluciones IT;Consultor韆;
PED-4955;NIT0000000045;NextEra Energy;Energ韆;
PED-4956;NIT0000000046;Exelon;Energ韆;
PED-4957;NIT0000000047;EDF;Energ韆;
PED-4958;NIT0000000048;Oracle;Tecnologia;
PED-4959;NIT0000000049;Starbucks;Consultor韆;
PED-4960;NIT0000000050;Accenture;Servicios;
PED-4961;NIT0000000051;Mondelez;Alimentaci髇;
PED-4962;NIT0000000052;KPMG;Servicios;
PED-4963;NIT0000000053;Cisco;Tecnologia;
PED-4964;NIT0000000054;Nestle;Alimentaci髇;
PED-4965;NIT0000000055;Servicios Jur铆dicos;Consultor韆;
PED-4966;NIT0000000056;Burger King;Consultor韆;
PED-4967;NIT0000000057;KFC;Consultor韆;
PED-4968;NIT0000000058;Capgemini;Servicios;
PED-4969;NIT0000000059;Amazon;Tecnologia;
PED-4970;NIT0000000060;Tostao;Consultor韆;
PED-4971;NIT0000000061;McDonald's;Consultor韆;
PED-4972;NIT0000000062;Bain;Servicios;
PED-4973;NIT0000000063;Procter & Gamble;Alimentaci髇;
PED-4974;NIT0000000064;Securitas;Servicios P鷅licos;
PED-4975;NIT0000000065;Crepes & Waffles;Consultor韆;
PED-4976;NIT0000000066;SAP;Tecnologia;
PED-4977;NIT0000000067;Mitie;Servicios P鷅licos;
PED-4978;NIT0000000068;EY;Servicios;
PED-4979;NIT0000000069;BCG;Servicios;
PED-4980;NIT0000000070;Google;Tecnologia;
PED-4981;NIT0000000001;ABM;Servicios P鷅licos;
PED-4982;NIT0000000002;Subway;Consultor韆;
PED-4983;NIT0000000003;Sodexo;Servicios P鷅licos;
PED-4984;NIT0000000004;Asesorias Financieras;Consultor韆;
PED-4985;NIT0000000005;ISS;Servicios P鷅licos;
PED-4986;NIT0000000006;Rentokil;Servicios P鷅licos;
PED-4987;NIT0000000007;Consultores de Negocios;Consultor韆;
PED-4988;NIT0000000008;IBM;Tecnologia;
PED-4989;NIT0000000009;Oma;Consultor韆;
PED-4990;NIT0000000010;Deloitte;Servicios;
PED-4991;NIT0000000011;Apple;Tecnologia;
PED-4992;NIT0000000012;Intel;Tecnologia;
PED-4993;NIT0000000013;General Mills;Alimentaci髇;
PED-4994;NIT0000000014;Unilever;Alimentaci髇;
PED-4995;NIT0000000015;Dunkin Donuts;Consultor韆;
PED-4996;NIT0000000016;Transformaci贸n Digital;Consultor韆;
PED-4997;NIT0000000017;Aramark;Servicios P鷅licos;
PED-4998;NIT0000000018;E.ON;Energ韆;
PED-4999;NIT0000000019;Innovaci贸n y Desarrollo;Consultor韆;
PED-5000;NIT0000000020;Iberdrola;Energ韆;
PED-5001;NIT0000000021;Engie;Energ韆;
PED-5002;NIT0000000022;Estrategias Empresariales;Consultor韆;
PED-5003;NIT0000000023;TCS;Servicios;
PED-5004;NIT0000000024;PepsiCo;Alimentaci髇;
PED-5005;NIT0000000025;PwC;Servicios;
PED-5006;NIT0000000026;Gesti贸n de Proyectos;Consultor韆;
PED-5007;NIT0000000027;Duke Energy;Energ韆;
PED-5008;NIT0000000028;McKinsey;Servicios;
PED-5009;NIT0000000029;Danone;Alimentaci髇;
PED-5010;NIT0000000030;Facebook;Tecnologia;
PED-5011;NIT0000000031;Microsoft;Tecnologia;
PED-5012;NIT0000000032;Enel;Energ韆;
PED-5013;NIT0000000033;Coca-Cola;Alimentaci髇;
PED-5014;NIT0000000034;Optimizaci贸n de Procesos;Consultor韆;
PED-5015;NIT0000000035;Kellogg;Alimentaci髇;
PED-5016;NIT0000000036;Southern Company;Energ韆;
PED-5017;NIT0000000037;Kraft Heinz;Alimentaci髇;
PED-5018;NIT0000000038;G4S;Servicios P鷅licos;
PED-5019;NIT0000000039;Consultorias Contables;Consultor韆;
PED-5020;NIT0000000040;RWE;Energ韆;
PED-5021;NIT0000000041;Juan Valdez;Consultor韆;
PED-5022;NIT0000000042;Compass Group;Servicios P鷅licos;
PED-5023;NIT0000000043;Serco;Servicios P鷅licos;
PED-5024;NIT0000000044;Soluciones IT;Consultor韆;
PED-5025;NIT0000000045;NextEra Energy;Energ韆;
PED-5026;NIT0000000046;Exelon;Energ韆;
PED-5027;NIT0000000047;EDF;Energ韆;
PED-5028;NIT0000000048;Oracle;Tecnologia;
PED-5029;NIT0000000049;Starbucks;Consultor韆;
PED-5030;NIT0000000050;Accenture;Servicios;
PED-5031;NIT0000000051;Mondelez;Alimentaci髇;
PED-5032;NIT0000000052;KPMG;Servicios;
PED-5033;NIT0000000053;Cisco;Tecnologia;
PED-5034;NIT0000000054;Nestle;Alimentaci髇;
PED-5035;NIT0000000055;Servicios Jur铆dicos;Consultor韆;
PED-5036;NIT0000000056;Burger King;Consultor韆;
PED-5037;NIT0000000057;KFC;Consultor韆;
PED-5038;NIT0000000058;Capgemini;Servicios;
PED-5039;NIT0000000059;Amazon;Tecnologia;
PED-5040;NIT0000000060;Tostao;Consultor韆;
PED-5041;NIT0000000061;McDonald's;Consultor韆;
PED-5042;NIT0000000062;Bain;Servicios;
PED-5043;NIT0000000063;Procter & Gamble;Alimentaci髇;
PED-5044;NIT0000000064;Securitas;Servicios P鷅licos;
PED-5045;NIT0000000065;Crepes & Waffles;Consultor韆;
PED-5046;NIT0000000066;SAP;Tecnologia;
PED-5047;NIT0000000067;Mitie;Servicios P鷅licos;
PED-5048;NIT0000000068;EY;Servicios;
PED-5049;NIT0000000069;BCG;Servicios;
PED-5050;NIT0000000070;Google;Tecnologia;
PED-5051;NIT0000000001;ABM;Servicios P鷅licos;
PED-5052;NIT0000000002;Subway;Consultor韆;
PED-5053;NIT0000000003;Sodexo;Servicios P鷅licos;
PED-5054;NIT0000000004;Asesorias Financieras;Consultor韆;
PED-5055;NIT0000000005;ISS;Servicios P鷅licos;
PED-5056;NIT0000000006;Rentokil;Servicios P鷅licos;
PED-5057;NIT0000000007;Consultores de Negocios;Consultor韆;
PED-5058;NIT0000000008;IBM;Tecnologia;
PED-5059;NIT0000000009;Oma;Consultor韆;
PED-5060;NIT0000000010;Deloitte;Servicios;
PED-5061;NIT0000000011;Apple;Tecnologia;
PED-5062;NIT0000000012;Intel;Tecnologia;
PED-5063;NIT0000000013;General Mills;Alimentaci髇;
PED-5064;NIT0000000014;Unilever;Alimentaci髇;
PED-5065;NIT0000000015;Dunkin Donuts;Consultor韆;
PED-5066;NIT0000000016;Transformaci贸n Digital;Consultor韆;
PED-5067;NIT0000000017;Aramark;Servicios P鷅licos;
PED-5068;NIT0000000018;E.ON;Energ韆;
PED-5069;NIT0000000019;Innovaci贸n y Desarrollo;Consultor韆;
PED-5070;NIT0000000020;Iberdrola;Energ韆;
PED-5071;NIT0000000021;Engie;Energ韆;
PED-5072;NIT0000000022;Estrategias Empresariales;Consultor韆;
PED-5073;NIT0000000023;TCS;Servicios;
PED-5074;NIT0000000024;PepsiCo;Alimentaci髇;
PED-5075;NIT0000000025;PwC;Servicios;
PED-5076;NIT0000000026;Gesti贸n de Proyectos;Consultor韆;
PED-5077;NIT0000000027;Duke Energy;Energ韆;
PED-5078;NIT0000000028;McKinsey;Servicios;
PED-5079;NIT0000000029;Danone;Alimentaci髇;
PED-5080;NIT0000000030;Facebook;Tecnologia;
PED-5081;NIT0000000031;Microsoft;Tecnologia;
PED-5082;NIT0000000032;Enel;Energ韆;
PED-5083;NIT0000000033;Coca-Cola;Alimentaci髇;
PED-5084;NIT0000000034;Optimizaci贸n de Procesos;Consultor韆;
PED-5085;NIT0000000035;Kellogg;Alimentaci髇;
PED-5086;NIT0000000036;Southern Company;Energ韆;
PED-5087;NIT0000000037;Kraft Heinz;Alimentaci髇;
PED-5088;NIT0000000038;G4S;Servicios P鷅licos;
PED-5089;NIT0000000039;Consultorias Contables;Consultor韆;
PED-5090;NIT0000000040;RWE;Energ韆;
PED-5091;NIT0000000041;Juan Valdez;Consultor韆;
PED-5092;NIT0000000042;Compass Group;Servicios P鷅licos;
PED-5093;NIT0000000043;Serco;Servicios P鷅licos;
PED-5094;NIT0000000044;Soluciones IT;Consultor韆;
PED-5095;NIT0000000045;NextEra Energy;Energ韆;
PED-5096;NIT0000000046;Exelon;Energ韆;
PED-5097;NIT0000000047;EDF;Energ韆;
PED-5098;NIT0000000048;Oracle;Tecnologia;
PED-5099;NIT0000000049;Starbucks;Consultor韆;
PED-5100;NIT0000000050;Accenture;Servicios;
PED-5101;NIT0000000051;Mondelez;Alimentaci髇;
PED-5102;NIT0000000052;KPMG;Servicios;
PED-5103;NIT0000000053;Cisco;Tecnologia;
PED-5104;NIT0000000054;Nestle;Alimentaci髇;
PED-5105;NIT0000000055;Servicios Jur铆dicos;Consultor韆;
PED-5106;NIT0000000056;Burger King;Consultor韆;
PED-5107;NIT0000000057;KFC;Consultor韆;
PED-5108;NIT0000000058;Capgemini;Servicios;
PED-5109;NIT0000000059;Amazon;Tecnologia;
PED-5110;NIT0000000060;Tostao;Consultor韆;
PED-5111;NIT0000000061;McDonald's;Consultor韆;
PED-5112;NIT0000000062;Bain;Servicios;
PED-5113;NIT0000000063;Procter & Gamble;Alimentaci髇;
PED-5114;NIT0000000064;Securitas;Servicios P鷅licos;
PED-5115;NIT0000000065;Crepes & Waffles;Consultor韆;
PED-5116;NIT0000000066;SAP;Tecnologia;
PED-5117;NIT0000000067;Mitie;Servicios P鷅licos;
PED-5118;NIT0000000068;EY;Servicios;
PED-5119;NIT0000000069;BCG;Servicios;
PED-5120;NIT0000000070;Google;Tecnologia;
PED-5121;NIT0000000001;ABM;Servicios P鷅licos;
PED-5122;NIT0000000002;Subway;Consultor韆;
PED-5123;NIT0000000003;Sodexo;Servicios P鷅licos;
PED-5124;NIT0000000004;Asesorias Financieras;Consultor韆;
PED-5125;NIT0000000005;ISS;Servicios P鷅licos;
PED-5126;NIT0000000006;Rentokil;Servicios P鷅licos;
PED-5127;NIT0000000007;Consultores de Negocios;Consultor韆;
PED-5128;NIT0000000008;IBM;Tecnologia;
PED-5129;NIT0000000009;Oma;Consultor韆;
PED-5130;NIT0000000010;Deloitte;Servicios;
PED-5131;NIT0000000011;Apple;Tecnologia;
PED-5132;NIT0000000012;Intel;Tecnologia;
PED-5133;NIT0000000013;General Mills;Alimentaci髇;
PED-5134;NIT0000000014;Unilever;Alimentaci髇;
PED-5135;NIT0000000015;Dunkin Donuts;Consultor韆;
PED-5136;NIT0000000016;Transformaci贸n Digital;Consultor韆;
PED-5137;NIT0000000017;Aramark;Servicios P鷅licos;
PED-5138;NIT0000000018;E.ON;Energ韆;
PED-5139;NIT0000000019;Innovaci贸n y Desarrollo;Consultor韆;
PED-5140;NIT0000000020;Iberdrola;Energ韆;
PED-5141;NIT0000000021;Engie;Energ韆;
PED-5142;NIT0000000022;Estrategias Empresariales;Consultor韆;
PED-5143;NIT0000000023;TCS;Servicios;
PED-5144;NIT0000000024;PepsiCo;Alimentaci髇;
PED-5145;NIT0000000025;PwC;Servicios;
PED-5146;NIT0000000026;Gesti贸n de Proyectos;Consultor韆;
PED-5147;NIT0000000027;Duke Energy;Energ韆;
PED-5148;NIT0000000028;McKinsey;Servicios;
PED-5149;NIT0000000029;Danone;Alimentaci髇;
PED-5150;NIT0000000030;Facebook;Tecnologia;
PED-5151;NIT0000000031;Microsoft;Tecnologia;
PED-5152;NIT0000000032;Enel;Energ韆;
PED-5153;NIT0000000033;Coca-Cola;Alimentaci髇;
PED-5154;NIT0000000034;Optimizaci贸n de Procesos;Consultor韆;
PED-5155;NIT0000000035;Kellogg;Alimentaci髇;
PED-5156;NIT0000000036;Southern Company;Energ韆;
PED-5157;NIT0000000037;Kraft Heinz;Alimentaci髇;
PED-5158;NIT0000000038;G4S;Servicios P鷅licos;
PED-5159;NIT0000000039;Consultorias Contables;Consultor韆;
PED-5160;NIT0000000040;RWE;Energ韆;
PED-5161;NIT0000000041;Juan Valdez;Consultor韆;
PED-5162;NIT0000000042;Compass Group;Servicios P鷅licos;
PED-5163;NIT0000000043;Serco;Servicios P鷅licos;
PED-5164;NIT0000000044;Soluciones IT;Consultor韆;
PED-5165;NIT0000000045;NextEra Energy;Energ韆;
PED-5166;NIT0000000046;Exelon;Energ韆;
PED-5167;NIT0000000047;EDF;Energ韆;
PED-5168;NIT0000000048;Oracle;Tecnologia;
PED-5169;NIT0000000049;Starbucks;Consultor韆;
PED-5170;NIT0000000050;Accenture;Servicios;
PED-5171;NIT0000000051;Mondelez;Alimentaci髇;
PED-5172;NIT0000000052;KPMG;Servicios;
PED-5173;NIT0000000053;Cisco;Tecnologia;
PED-5174;NIT0000000054;Nestle;Alimentaci髇;
PED-5175;NIT0000000055;Servicios Jur铆dicos;Consultor韆;
PED-5176;NIT0000000056;Burger King;Consultor韆;
PED-5177;NIT0000000057;KFC;Consultor韆;
PED-5178;NIT0000000058;Capgemini;Servicios;
PED-5179;NIT0000000059;Amazon;Tecnologia;
PED-5180;NIT0000000060;Tostao;Consultor韆;
PED-5181;NIT0000000061;McDonald's;Consultor韆;
PED-5182;NIT0000000062;Bain;Servicios;
PED-5183;NIT0000000063;Procter & Gamble;Alimentaci髇;
PED-5184;NIT0000000064;Securitas;Servicios P鷅licos;
PED-5185;NIT0000000065;Crepes & Waffles;Consultor韆;
PED-5186;NIT0000000066;SAP;Tecnologia;
PED-5187;NIT0000000067;Mitie;Servicios P鷅licos;
PED-5188;NIT0000000068;EY;Servicios;
PED-5189;NIT0000000069;BCG;Servicios;
PED-5190;NIT0000000070;Google;Tecnologia;
